Aggregate,ATAR
488.62,99.95
487.72,99.9
487.5,99.85
487.2,99.8
486.84,99.75
486.54,99.7
486.28,99.65
485.96,99.6
485.61,99.55
485.29,99.5
484.96,99.45
484.68,99.4
484.38,99.35
484.03,99.3
483.71,99.25
483.41,99.2
483.12,99.15
482.77,99.1
482.48,99.05
482.2,99.0
481.89,98.95
481.55,98.9
481.26,98.85
480.96,98.8
480.6,98.75
480.29,98.7
480.01,98.65
479.71,98.6
479.36,98.55
479.06,98.5
478.75,98.45
478.47,98.4
478.18,98.35
477.84,98.3
477.53,98.25
477.21,98.2
476.91,98.15
476.59,98.1
476.3,98.05
476.01,98.0
475.69,97.95
475.37,97.9
475.06,97.85
474.78,97.8
474.5,97.75
474.19,97.7
473.88,97.65
473.58,97.6
473.24,97.55
472.93,97.5
472.63,97.45
472.4,97.4
472.03,97.35
471.76,97.3
471.42,97.25
471.11,97.2
470.81,97.15
470.53,97.1
470.26,97.05
469.95,97.0
469.65,96.95
469.36,96.9
469.07,96.85
468.75,96.8
468.42,96.75
468.15,96.7
467.86,96.65
467.55,96.6
467.28,96.55
466.99,96.5
466.63,96.45
466.38,96.4
466.11,96.35
465.82,96.3
465.47,96.25
465.24,96.2
464.91,96.15
464.64,96.1
464.35,96.05
464.03,96.0
463.71,95.95
463.42,95.9
463.14,95.85
462.86,95.8
462.58,95.75
462.26,95.7
462.0,95.65
461.72,95.6
461.41,95.55
461.1,95.5
460.8,95.45
460.57,95.4
460.27,95.35
459.98,95.3
459.7,95.25
459.39,95.2
459.08,95.15
458.8,95.1
458.53,95.05
458.23,95.0
457.94,94.95
457.67,94.9
457.41,94.85
457.08,94.8
456.81,94.75
456.52,94.7
456.24,94.65
455.98,94.6
455.69,94.55
455.36,94.5
455.09,94.45
454.81,94.4
454.52,94.35
454.22,94.3
453.95,94.25
453.68,94.2
453.42,94.15
453.16,94.1
452.84,94.05
452.54,94.0
452.26,93.95
451.99,93.9
451.7,93.85
451.43,93.8
451.17,93.75
450.89,93.7
450.61,93.65
450.33,93.6
450.04,93.55
449.76,93.5
449.47,93.45
449.19,93.4
448.89,93.35
448.62,93.3
448.34,93.25
448.05,93.2
447.79,93.15
447.49,93.1
447.24,93.05
446.94,93.0
446.65,92.95
446.36,92.9
446.08,92.85
445.83,92.8
445.53,92.75
445.28,92.7
444.96,92.65
444.71,92.6
444.43,92.55
444.15,92.5
443.87,92.45
443.55,92.4
443.28,92.35
443.02,92.3
442.74,92.25
442.45,92.2
442.16,92.15
441.88,92.1
441.6,92.05
441.33,92.0
441.07,91.95
440.81,91.9
440.55,91.85
440.26,91.8
439.97,91.75
439.75,91.7
439.46,91.65
439.14,91.6
438.81,91.55
438.5,91.5
438.23,91.45
438.01,91.4
437.68,91.35
437.41,91.3
437.16,91.25
436.88,91.2
436.6,91.15
436.33,91.1
436.04,91.05
435.77,91.0
435.43,90.95
435.18,90.9
434.89,90.85
434.58,90.8
434.29,90.75
434.02,90.7
433.74,90.65
433.47,90.6
433.19,90.55
432.91,90.5
432.64,90.45
432.39,90.4
432.11,90.35
431.8,90.3
431.51,90.25
431.23,90.2
430.97,90.15
430.7,90.1
430.41,90.05
430.11,90.0
429.83,89.95
429.56,89.9
429.29,89.85
429.01,89.8
428.71,89.75
428.43,89.7
428.14,89.65
427.86,89.6
427.58,89.55
427.3,89.5
427.02,89.45
426.74,89.4
426.45,89.35
426.17,89.3
425.87,89.25
425.59,89.2
425.33,89.15
425.06,89.1
424.78,89.05
424.49,89.0
424.19,88.95
423.93,88.9
423.66,88.85
423.39,88.8
423.03,88.75
422.8,88.7
422.51,88.65
422.22,88.6
421.96,88.55
421.64,88.5
421.36,88.45
421.12,88.4
420.79,88.35
420.51,88.3
420.25,88.25
419.98,88.2
419.7,88.15
419.4,88.1
419.12,88.05
418.85,88.0
418.58,87.95
418.29,87.9
417.97,87.85
417.71,87.8
417.35,87.75
417.01,87.7
416.79,87.65
416.68,87.6
416.42,87.55
416.07,87.5
415.71,87.45
415.42,87.4
415.18,87.35
414.9,87.3
414.6,87.25
414.3,87.2
414.01,87.15
413.72,87.1
413.44,87.05
413.16,87.0
412.88,86.95
412.61,86.9
412.34,86.85
412.04,86.8
411.75,86.75
411.48,86.7
411.21,86.65
410.94,86.6
410.62,86.55
410.37,86.5
410.12,86.45
409.84,86.4
409.53,86.35
409.22,86.3
408.92,86.25
408.64,86.2
408.38,86.15
408.12,86.1
407.84,86.05
407.56,86.0
407.27,85.95
406.98,85.9
406.69,85.85
406.4,85.8
406.11,85.75
405.83,85.7
405.54,85.65
405.26,85.6
404.99,85.55
404.73,85.5
404.47,85.45
404.19,85.4
403.91,85.35
403.62,85.3
403.33,85.25
403.04,85.2
402.75,85.15
402.48,85.1
402.21,85.05
401.94,85.0
401.62,84.95
401.33,84.9
401.07,84.85
400.77,84.8
400.49,84.75
400.23,84.7
399.94,84.65
399.65,84.6
399.37,84.55
399.09,84.5
398.82,84.45
398.55,84.4
398.27,84.35
397.99,84.3
397.7,84.25
397.4,84.2
397.13,84.15
396.86,84.1
396.59,84.05
396.3,84.0
396.03,83.95
395.76,83.9
395.48,83.85
395.19,83.8
394.89,83.75
394.6,83.7
394.34,83.65
394.05,83.6
393.77,83.55
393.48,83.5
393.2,83.45
392.92,83.4
392.63,83.35
392.36,83.3
392.1,83.25
391.82,83.2
391.51,83.15
391.22,83.1
390.94,83.05
390.66,83.0
390.38,82.95
390.11,82.9
389.84,82.85
389.56,82.8
389.29,82.75
389.02,82.7
388.75,82.65
388.48,82.6
388.19,82.55
387.91,82.5
387.63,82.45
387.34,82.4
387.03,82.35
386.74,82.3
386.46,82.25
386.19,82.2
385.93,82.15
385.66,82.1
385.39,82.05
385.12,82.0
384.83,81.95
384.53,81.9
384.25,81.85
383.98,81.8
383.71,81.75
383.44,81.7
383.17,81.65
382.89,81.6
382.61,81.55
382.33,81.5
382.03,81.45
381.75,81.4
381.47,81.35
381.21,81.3
380.93,81.25
380.62,81.2
380.33,81.15
380.06,81.1
379.81,81.05
379.53,81.0
379.24,80.95
378.94,80.9
378.65,80.85
378.36,80.8
378.07,80.75
377.79,80.7
377.51,80.65
377.23,80.6
376.95,80.55
376.67,80.5
376.39,80.45
376.11,80.4
375.83,80.35
375.55,80.3
375.27,80.25
375.0,80.2
374.72,80.15
374.45,80.1
374.17,80.05
373.9,80.0
373.62,79.95
373.34,79.9
373.06,79.85
372.78,79.8
372.51,79.75
372.23,79.7
371.95,79.65
371.67,79.6
371.39,79.55
371.1,79.5
370.81,79.45
370.51,79.4
370.22,79.35
369.96,79.3
369.69,79.25
369.4,79.2
369.12,79.15
368.86,79.1
368.59,79.05
368.31,79.0
368.03,78.95
367.75,78.9
367.46,78.85
367.18,78.8
366.89,78.75
366.6,78.7
366.31,78.65
366.03,78.6
365.75,78.55
365.47,78.5
365.19,78.45
364.92,78.4
364.65,78.35
364.39,78.3
364.12,78.25
363.86,78.2
363.59,78.15
363.31,78.1
363.03,78.05
362.73,78.0
362.42,77.95
362.12,77.9
361.85,77.85
361.57,77.8
361.3,77.75
361.02,77.7
360.75,77.65
360.47,77.6
360.19,77.55
359.91,77.5
359.63,77.45
359.35,77.4
359.06,77.35
358.78,77.3
358.5,77.25
358.22,77.2
357.95,77.15
357.69,77.1
357.42,77.05
357.14,77.0
356.86,76.95
356.58,76.9
356.3,76.85
356.03,76.8
355.75,76.75
355.48,76.7
355.21,76.65
354.94,76.6
354.66,76.55
354.37,76.5
354.09,76.45
353.8,76.4
353.52,76.35
353.24,76.3
352.97,76.25
352.7,76.2
352.43,76.15
352.16,76.1
351.89,76.05
351.61,76.0
351.34,75.95
351.07,75.9
350.8,75.85
350.52,75.8
350.24,75.75
349.96,75.7
349.69,75.65
349.42,75.6
349.17,75.55
348.92,75.5
348.65,75.45
348.37,75.4
348.1,75.35
347.83,75.3
347.56,75.25
347.29,75.2
347.03,75.15
346.76,75.1
346.48,75.05
346.2,75.0
345.93,74.95
345.66,74.9
345.38,74.85
345.11,74.8
344.83,74.75
344.56,74.7
344.3,74.65
344.04,74.6
343.78,74.55
343.53,74.5
343.27,74.45
343.02,74.4
342.76,74.35
342.5,74.3
342.24,74.25
341.98,74.2
341.71,74.15
341.44,74.1
341.18,74.05
340.91,74.0
340.64,73.95
340.37,73.9
340.1,73.85
339.84,73.8
339.57,73.75
339.3,73.7
339.03,73.65
338.77,73.6
338.5,73.55
338.24,73.5
337.98,73.45
337.72,73.4
337.46,73.35
337.2,73.3
336.94,73.25
336.68,73.2
336.43,73.15
336.2,73.1
335.93,73.05
335.65,73.0
335.39,72.95
335.13,72.9
334.89,72.85
334.64,72.8
334.4,72.75
334.15,72.7
333.9,72.65
333.64,72.6
333.38,72.55
333.13,72.5
332.87,72.45
332.61,72.4
332.35,72.35
332.09,72.3
331.84,72.25
331.59,72.2
331.34,72.15
331.09,72.1
330.84,72.05
330.59,72.0
330.32,71.95
330.06,71.9
329.8,71.85
329.56,71.8
329.33,71.75
329.08,71.7
328.82,71.65
328.55,71.6
328.31,71.55
328.09,71.5
327.83,71.45
327.56,71.4
327.3,71.35
327.05,71.3
326.82,71.25
326.59,71.2
326.35,71.15
326.08,71.1
325.82,71.05
325.57,71.0
325.33,70.95
325.09,70.9
324.84,70.85
324.6,70.8
324.35,70.75
324.11,70.7
323.87,70.65
323.62,70.6
323.38,70.55
323.13,70.5
322.89,70.45
322.65,70.4
322.4,70.35
322.16,70.3
321.92,70.25
321.67,70.2
321.43,70.15
321.19,70.1
320.94,70.05
320.7,70.0
320.45,69.95
320.21,69.9
319.97,69.85
319.72,69.8
319.49,69.75
319.25,69.7
319.02,69.65
318.79,69.6
318.56,69.55
318.32,69.5
318.08,69.45
317.85,69.4
317.61,69.35
317.38,69.3
317.15,69.25
316.91,69.2
316.68,69.15
316.45,69.1
316.22,69.05
315.98,69.0
315.75,68.95
315.52,68.9
315.29,68.85
315.05,68.8
314.82,68.75
314.58,68.7
314.35,68.65
314.11,68.6
313.88,68.55
313.64,68.5
313.4,68.45
313.16,68.4
312.92,68.35
312.67,68.3
312.43,68.25
312.18,68.2
311.93,68.15
311.68,68.1
311.43,68.05
311.17,68.0
310.93,67.95
310.69,67.9
310.46,67.85
310.23,67.8
310.0,67.75
309.78,67.7
309.55,67.65
309.33,67.6
309.1,67.55
308.86,67.5
308.63,67.45
308.38,67.4
308.14,67.35
307.9,67.3
307.68,67.25
307.46,67.2
307.24,67.15
307.02,67.1
306.79,67.05
306.55,67.0
306.29,66.95
306.05,66.9
305.82,66.85
305.61,66.8
305.4,66.75
305.17,66.7
304.95,66.65
304.72,66.6
304.49,66.55
304.25,66.5
304.02,66.45
303.78,66.4
303.55,66.35
303.31,66.3
303.08,66.25
302.85,66.2
302.61,66.15
302.39,66.1
302.16,66.05
301.94,66.0
301.72,65.95
301.51,65.9
301.29,65.85
301.05,65.8
300.81,65.75
300.57,65.7
300.34,65.65
300.1,65.6
299.87,65.55
299.64,65.5
299.41,65.45
299.19,65.4
298.97,65.35
298.75,65.3
298.55,65.25
298.34,65.2
298.13,65.15
297.91,65.1
297.68,65.05
297.46,65.0
297.22,64.95
296.99,64.9
296.76,64.85
296.53,64.8
296.3,64.75
296.07,64.7
295.85,64.65
295.62,64.6
295.4,64.55
295.18,64.5
294.96,64.45
294.74,64.4
294.51,64.35
294.29,64.3
294.07,64.25
293.85,64.2
293.63,64.15
293.41,64.1
293.18,64.05
292.96,64.0
292.74,63.95
292.52,63.9
292.3,63.85
292.07,63.8
291.85,63.75
291.63,63.7
291.41,63.65
291.19,63.6
290.97,63.55
290.75,63.5
290.54,63.45
290.33,63.4
290.11,63.35
289.88,63.3
289.65,63.25
289.44,63.2
289.23,63.15
289.01,63.1
288.79,63.05
288.56,63.0
288.34,62.95
288.12,62.9
287.9,62.85
287.68,62.8
287.46,62.75
287.24,62.7
287.03,62.65
286.82,62.6
286.63,62.55
286.41,62.5
286.18,62.45
285.95,62.4
285.73,62.35
285.52,62.3
285.32,62.25
285.1,62.2
284.88,62.15
284.67,62.1
284.46,62.05
284.25,62.0
284.05,61.95
283.83,61.9
283.62,61.85
283.4,61.8
283.18,61.75
282.96,61.7
282.74,61.65
282.53,61.6
282.32,61.55
282.13,61.5
281.93,61.45
281.72,61.4
281.51,61.35
281.29,61.3
281.07,61.25
280.86,61.2
280.64,61.15
280.42,61.1
280.21,61.05
280.01,61.0
279.8,60.95
279.6,60.9
279.4,60.85
279.19,60.8
278.98,60.75
278.77,60.7
278.56,60.65
278.34,60.6
278.13,60.55
277.91,60.5
277.7,60.45
277.49,60.4
277.28,60.35
277.07,60.3
276.87,60.25
276.66,60.2
276.46,60.15
276.25,60.1
276.05,60.05
275.85,60.0
275.64,59.95
275.44,59.9
275.24,59.85
275.04,59.8
274.84,59.75
274.63,59.7
274.43,59.65
274.23,59.6
274.03,59.55
273.83,59.5
273.63,59.45
273.41,59.4
273.19,59.35
272.97,59.3
272.76,59.25
272.56,59.2
272.36,59.15
272.16,59.1
271.97,59.05
271.77,59.0
271.58,58.95
271.39,58.9
271.2,58.85
271.01,58.8
270.81,58.75
270.62,58.7
270.42,58.65
270.21,58.6
270.0,58.55
269.8,58.5
269.59,58.45
269.39,58.4
269.19,58.35
268.99,58.3
268.79,58.25
268.59,58.2
268.4,58.15
268.2,58.1
268.01,58.05
267.81,58.0
267.62,57.95
267.43,57.9
267.24,57.85
267.05,57.8
266.86,57.75
266.67,57.7
266.48,57.65
266.29,57.6
266.1,57.55
265.91,57.5
265.72,57.45
265.53,57.4
265.34,57.35
265.15,57.3
264.96,57.25
264.77,57.2
264.58,57.15
264.38,57.1
264.19,57.05
264.0,57.0
263.81,56.95
263.62,56.9
263.43,56.85
263.24,56.8
263.05,56.75
262.86,56.7
262.67,56.65
262.48,56.6
262.3,56.55
262.11,56.5
261.92,56.45
261.73,56.4
261.54,56.35
261.35,56.3
261.16,56.25
260.98,56.2
260.79,56.15
260.6,56.1
260.41,56.05
260.23,56.0
260.04,55.95
259.85,55.9
259.67,55.85
259.48,55.8
259.3,55.75
259.12,55.7
258.94,55.65
258.75,55.6
258.57,55.55
258.39,55.5
258.2,55.45
258.02,55.4
257.83,55.35
257.65,55.3
257.47,55.25
257.29,55.2
257.1,55.15
256.92,55.1
256.74,55.05
256.56,55.0
256.38,54.95
256.2,54.9
256.02,54.85
255.84,54.8
255.66,54.75
255.48,54.7
255.3,54.65
255.12,54.6
254.94,54.55
254.76,54.5
254.58,54.45
254.4,54.4
254.22,54.35
254.05,54.3
253.87,54.25
253.69,54.2
253.51,54.15
253.33,54.1
253.16,54.05
252.98,54.0
252.8,53.95
252.63,53.9
252.45,53.85
252.27,53.8
252.1,53.75
251.92,53.7
251.74,53.65
251.57,53.6
251.39,53.55
251.21,53.5
251.04,53.45
250.86,53.4
250.69,53.35
250.51,53.3
250.34,53.25
250.16,53.2
249.98,53.15
249.81,53.1
249.64,53.05
249.46,53.0
249.29,52.95
249.11,52.9
248.94,52.85
248.76,52.8
248.59,52.75
248.42,52.7
248.25,52.65
248.07,52.6
247.9,52.55
247.73,52.5
247.55,52.45
247.38,52.4
247.21,52.35
247.04,52.3
246.87,52.25
246.69,52.2
246.52,52.15
246.35,52.1
246.18,52.05
246.01,52.0
245.84,51.95
245.67,51.9
245.49,51.85
245.32,51.8
245.15,51.75
244.98,51.7
244.81,51.65
244.64,51.6
244.47,51.55
244.3,51.5
244.13,51.45
243.96,51.4
243.79,51.35
243.62,51.3
243.45,51.25
243.28,51.2
243.11,51.15
242.94,51.1
242.77,51.05
242.6,51.0
242.43,50.95
242.26,50.9
242.09,50.85
241.93,50.8
241.76,50.75
241.59,50.7
241.42,50.65
241.25,50.6
241.09,50.55
240.92,50.5
240.75,50.45
240.59,50.4
240.42,50.35
240.25,50.3
240.08,50.25
239.92,50.2
239.75,50.15
239.59,50.1
239.42,50.05
239.25,50.0
239.09,49.95
238.92,49.9
238.76,49.85
238.59,49.8
238.42,49.75
238.26,49.7
238.09,49.65
237.93,49.6
237.76,49.55
237.6,49.5
237.43,49.45
237.27,49.4
237.1,49.35
236.94,49.3
236.78,49.25
236.61,49.2
236.45,49.15
236.28,49.1
236.12,49.05
235.96,49.0
235.8,48.95
235.63,48.9
235.47,48.85
235.31,48.8
235.15,48.75
234.98,48.7
234.82,48.65
234.66,48.6
234.5,48.55
234.34,48.5
234.18,48.45
234.01,48.4
233.85,48.35
233.69,48.3
233.53,48.25
233.37,48.2
233.21,48.15
233.05,48.1
232.88,48.05
232.72,48.0
232.56,47.95
232.39,47.9
232.23,47.85
232.06,47.8
231.9,47.75
231.73,47.7
231.57,47.65
231.41,47.6
231.25,47.55
231.09,47.5
230.92,47.45
230.76,47.4
230.6,47.35
230.44,47.3
230.28,47.25
230.12,47.2
229.96,47.15
229.8,47.1
229.64,47.05
229.48,47.0
229.32,46.95
229.16,46.9
229.0,46.85
228.84,46.8
228.69,46.75
228.53,46.7
228.37,46.65
228.21,46.6
228.05,46.55
227.89,46.5
227.73,46.45
227.57,46.4
227.41,46.35
227.25,46.3
227.09,46.25
226.93,46.2
226.77,46.15
226.61,46.1
226.45,46.05
226.29,46.0
226.13,45.95
225.97,45.9
225.81,45.85
225.66,45.8
225.5,45.75
225.34,45.7
225.18,45.65
225.02,45.6
224.86,45.55
224.7,45.5
224.54,45.45
224.38,45.4
224.23,45.35
224.07,45.3
223.91,45.25
223.75,45.2
223.59,45.15
223.43,45.1
223.27,45.05
223.11,45.0
222.95,44.95
222.8,44.9
222.64,44.85
222.48,44.8
222.32,44.75
222.16,44.7
222.01,44.65
221.85,44.6
221.69,44.55
221.53,44.5
221.38,44.45
221.22,44.4
221.06,44.35
220.91,44.3
220.75,44.25
220.59,44.2
220.43,44.15
220.28,44.1
220.12,44.05
219.96,44.0
219.81,43.95
219.65,43.9
219.49,43.85
219.33,43.8
219.18,43.75
219.02,43.7
218.86,43.65
218.71,43.6
218.55,43.55
218.39,43.5
218.23,43.45
218.08,43.4
217.92,43.35
217.76,43.3
217.6,43.25
217.45,43.2
217.29,43.15
217.13,43.1
216.98,43.05
216.82,43.0
216.66,42.95
216.51,42.9
216.35,42.85
216.19,42.8
216.03,42.75
215.88,42.7
215.72,42.65
215.56,42.6
215.41,42.55
215.25,42.5
215.09,42.45
214.93,42.4
214.78,42.35
214.62,42.3
214.46,42.25
214.31,42.2
214.15,42.15
213.99,42.1
213.83,42.05
213.68,42.0
213.52,41.95
213.36,41.9
213.21,41.85
213.05,41.8
212.89,41.75
212.73,41.7
212.58,41.65
212.42,41.6
212.26,41.55
212.11,41.5
211.95,41.45
211.79,41.4
211.63,41.35
211.48,41.3
211.32,41.25
211.16,41.2
211.01,41.15
210.85,41.1
210.69,41.05
210.53,41.0
210.38,40.95
210.22,40.9
210.06,40.85
209.91,40.8
209.75,40.75
209.59,40.7
209.43,40.65
209.28,40.6
209.12,40.55
208.96,40.5
208.81,40.45
208.65,40.4
208.49,40.35
208.34,40.3
208.18,40.25
208.02,40.2
207.87,40.15
207.71,40.1
207.55,40.05
207.4,40.0
207.24,39.95
207.08,39.9
206.93,39.85
206.77,39.8
206.61,39.75
206.45,39.7
206.3,39.65
206.14,39.6
205.98,39.55
205.83,39.5
205.67,39.45
205.52,39.4
205.36,39.35
205.2,39.3
205.05,39.25
204.89,39.2
204.73,39.15
204.58,39.1
204.42,39.05
204.26,39.0
204.11,38.95
203.95,38.9
203.79,38.85
203.64,38.8
203.48,38.75
203.32,38.7
203.17,38.65
203.01,38.6
202.85,38.55
202.7,38.5
202.54,38.45
202.38,38.4
202.23,38.35
202.07,38.3
201.91,38.25
201.76,38.2
201.6,38.15
201.44,38.1
201.29,38.05
201.13,38.0
200.97,37.95
200.82,37.9
200.66,37.85
200.5,37.8
200.35,37.75
200.19,37.7
200.03,37.65
199.88,37.6
199.72,37.55
199.57,37.5
199.41,37.45
199.25,37.4
199.1,37.35
198.94,37.3
198.78,37.25
198.63,37.2
198.47,37.15
198.31,37.1
198.16,37.05
198.0,37.0
197.84,36.95
197.69,36.9
197.53,36.85
197.37,36.8
197.22,36.75
197.06,36.7
196.91,36.65
196.75,36.6
196.59,36.55
196.44,36.5
196.28,36.45
196.12,36.4
195.97,36.35
195.81,36.3
195.65,36.25
195.5,36.2
195.34,36.15
195.18,36.1
195.03,36.05
194.87,36.0
194.71,35.95
194.56,35.9
194.4,35.85
194.25,35.8
194.09,35.75
193.93,35.7
193.78,35.65
193.62,35.6
193.46,35.55
193.31,35.5
193.15,35.45
192.99,35.4
192.84,35.35
192.68,35.3
192.52,35.25
192.37,35.2
192.21,35.15
192.05,35.1
191.9,35.05
191.74,35.0
191.59,34.95
191.43,34.9
191.27,34.85
191.12,34.8
190.96,34.75
190.8,34.7
190.65,34.65
190.49,34.6
190.33,34.55
190.18,34.5
190.02,34.45
189.86,34.4
189.71,34.35
189.55,34.3
189.39,34.25
189.24,34.2
189.08,34.15
188.93,34.1
188.77,34.05
188.61,34.0
188.46,33.95
188.3,33.9
188.14,33.85
187.99,33.8
187.83,33.75
187.67,33.7
187.52,33.65
187.36,33.6
187.2,33.55
187.05,33.5
186.89,33.45
186.73,33.4
186.58,33.35
186.42,33.3
186.27,33.25
186.11,33.2
185.95,33.15
185.8,33.1
185.64,33.05
185.48,33.0
185.33,32.95
185.17,32.9
185.01,32.85
184.86,32.8
184.7,32.75
184.54,32.7
184.39,32.65
184.23,32.6
184.07,32.55
183.92,32.5
183.76,32.45
183.61,32.4
183.45,32.35
183.29,32.3
183.14,32.25
182.98,32.2
182.82,32.15
182.67,32.1
182.51,32.05
182.35,32.0
182.2,31.95
182.04,31.9
181.88,31.85
181.73,31.8
181.57,31.75
181.41,31.7
181.26,31.65
181.1,31.6
180.94,31.55
180.79,31.5
180.63,31.45
180.48,31.4
180.32,31.35
180.16,31.3
180.01,31.25
179.85,31.2
179.69,31.15
179.54,31.1
179.38,31.05
179.22,31.0
179.07,30.95
178.91,30.9
178.75,30.85
178.6,30.8
178.44,30.75
178.28,30.7
178.13,30.65
177.97,30.6
177.82,30.55
177.66,30.5
177.5,30.45
177.35,30.4
177.19,30.35
177.03,30.3
176.88,30.25
176.72,30.2
176.56,30.15
176.41,30.1
176.25,30.05
